piece,color,state,frame_w,frame_h,frame_count,avg_content_w,avg_content_h,avg_center_y,avg_top_pad,avg_bot_pad,h_vs_idle,w_vs_idle,idle_content_h,idle_content_w,idle_center_y_pct,center_y_pct
pawn,white,idle,200,200,4,33.0,55.0,100.5,73.0,72.0,1.0,1.0,55.0,33.0,50.2,50.2
pawn,white,move,200,200,8,42.5,47.0,103.4,79.9,73.1,0.855,1.288,55.0,33.0,50.2,51.7
pawn,white,attack,200,200,4,49.0,61.0,97.5,67.0,72.0,1.109,1.485,55.0,33.0,50.2,48.8
pawn,white,attack1,200,200,4,65.5,57.5,99.2,70.5,72.0,1.045,1.985,55.0,33.0,50.2,49.6
pawn,white,hit,200,200,3,33.0,55.7,100.2,72.3,72.0,1.012,1.0,55.0,33.0,50.2,50.1
pawn,white,dead,200,200,7,48.1,35.7,110.1,92.3,72.0,0.649,1.459,55.0,33.0,50.2,55.1
pawn,black,idle,200,200,4,33.0,55.0,100.5,73.0,72.0,1.0,1.0,55.0,33.0,50.2,50.2
pawn,black,move,200,200,8,42.5,47.0,103.4,79.9,73.1,0.855,1.288,55.0,33.0,50.2,51.7
pawn,black,attack,200,200,4,49.0,61.0,97.5,67.0,72.0,1.109,1.485,55.0,33.0,50.2,48.8
pawn,black,attack1,200,200,4,65.5,57.5,99.2,70.5,72.0,1.045,1.985,55.0,33.0,50.2,49.6
pawn,black,hit,200,200,3,33.0,55.7,100.2,72.3,72.0,1.012,1.0,55.0,33.0,50.2,50.1
pawn,black,dead,200,200,7,48.1,35.7,110.1,92.3,72.0,0.649,1.459,55.0,33.0,50.2,55.1
rook,white,idle,200,200,8,37.0,50.6,96.7,71.4,78.0,1.0,1.0,50.6,37.0,48.3,48.3
rook,white,move,200,200,8,46.0,47.5,98.1,74.4,78.1,0.938,1.243,50.6,37.0,48.3,49.1
rook,white,attack,200,200,6,63.3,58.3,92.8,63.7,78.0,1.152,1.712,50.6,37.0,48.3,46.4
rook,white,attack1,200,200,6,67.7,58.7,92.7,63.3,78.0,1.159,1.829,50.6,37.0,48.3,46.3
rook,white,hit,200,200,4,42.2,53.0,95.5,69.0,78.0,1.047,1.142,50.6,37.0,48.3,47.8
rook,white,dead,200,200,6,46.3,46.8,98.6,75.2,78.0,0.925,1.252,50.6,37.0,48.3,49.3
rook,black,idle,200,200,8,37.0,50.6,96.7,71.4,78.0,1.0,1.0,50.6,37.0,48.3,48.3
rook,black,move,200,200,8,46.0,47.5,98.1,74.4,78.1,0.938,1.243,50.6,37.0,48.3,49.1
rook,black,attack,200,200,6,63.3,58.3,92.8,63.7,78.0,1.152,1.712,50.6,37.0,48.3,46.4
rook,black,attack1,200,200,6,67.7,58.7,92.7,63.3,78.0,1.159,1.829,50.6,37.0,48.3,46.3
rook,black,hit,200,200,4,42.2,53.0,95.5,69.0,78.0,1.047,1.142,50.6,37.0,48.3,47.8
rook,black,dead,200,200,6,46.3,46.8,98.6,75.2,78.0,0.925,1.252,50.6,37.0,48.3,49.3
knight,white,idle,103,104,4,29.2,39.0,54.5,35.0,30.0,1.0,1.0,39.0,29.2,52.4,52.4
knight,white,move,103,104,8,39.8,34.8,56.4,39.0,30.2,0.891,1.359,39.0,29.2,52.4,54.2
knight,white,attack,103,104,4,42.8,42.8,52.6,31.2,30.0,1.096,1.462,39.0,29.2,52.4,50.6
knight,white,attack1,103,104,4,44.8,44.2,51.9,29.8,30.0,1.135,1.53,39.0,29.2,52.4,49.9
knight,white,hit,103,104,4,38.0,32.2,57.9,41.8,30.0,0.827,1.299,39.0,29.2,52.4,55.6
knight,white,dead,103,104,4,38.5,22.0,60.8,49.8,32.2,0.564,1.316,39.0,29.2,52.4,58.4
knight,black,idle,103,104,4,29.2,39.0,54.5,35.0,30.0,1.0,1.0,39.0,29.2,52.4,52.4
knight,black,move,103,104,8,39.8,34.8,56.4,39.0,30.2,0.891,1.359,39.0,29.2,52.4,54.2
knight,black,attack,103,104,4,42.8,42.8,52.6,31.2,30.0,1.096,1.462,39.0,29.2,52.4,50.6
knight,black,attack1,103,104,4,44.8,44.2,51.9,29.8,30.0,1.135,1.53,39.0,29.2,52.4,49.9
knight,black,hit,103,104,4,38.0,32.2,57.9,41.8,30.0,0.827,1.299,39.0,29.2,52.4,55.6
knight,black,dead,103,104,4,38.5,22.0,60.8,49.8,32.2,0.564,1.316,39.0,29.2,52.4,58.4
bishop,white,idle,128,123,4,59.0,36.0,77.0,59.0,28.0,1.0,1.0,36.0,59.0,62.6,62.6
bishop,white,move,128,123,8,60.5,37.9,75.2,56.2,28.9,1.052,1.025,36.0,59.0,62.6,61.1
bishop,white,attack,128,123,4,56.5,50.5,69.8,44.5,28.0,1.403,0.958,36.0,59.0,62.6,56.7
bishop,white,attack1,128,123,4,50.0,59.0,65.5,36.0,28.0,1.639,0.847,36.0,59.0,62.6,53.3
bishop,white,hit,128,123,4,57.8,41.2,74.4,53.8,28.0,1.146,0.979,36.0,59.0,62.6,60.5
bishop,white,dead,128,123,4,36.0,23.5,80.0,68.2,31.2,0.653,0.61,36.0,59.0,62.6,65.0
bishop,black,idle,128,123,4,59.0,36.0,77.0,59.0,28.0,1.0,1.0,36.0,59.0,62.6,62.6
bishop,black,move,128,123,8,60.5,37.9,75.2,56.2,28.9,1.052,1.025,36.0,59.0,62.6,61.1
bishop,black,attack,128,123,4,56.5,50.5,69.8,44.5,28.0,1.403,0.958,36.0,59.0,62.6,56.7
bishop,black,attack1,128,123,4,50.0,59.0,65.5,36.0,28.0,1.639,0.847,36.0,59.0,62.6,53.3
bishop,black,hit,128,123,4,57.8,41.2,74.4,53.8,28.0,1.146,0.979,36.0,59.0,62.6,60.5
bishop,black,dead,128,123,4,36.0,23.5,80.0,68.2,31.2,0.653,0.61,36.0,59.0,62.6,65.0
queen,white,idle,100,100,4,45.0,36.0,50.0,32.0,32.0,1.0,1.0,36.0,45.0,50.0,50.0
queen,white,move,100,100,8,34.8,34.5,49.0,31.8,33.8,0.958,0.772,36.0,45.0,50.0,49.0
queen,white,attack,100,100,4,52.5,34.8,50.6,33.2,32.0,0.965,1.167,36.0,45.0,50.0,50.6
queen,white,attack1,100,100,4,45.0,36.2,49.9,31.8,32.0,1.007,1.0,36.0,45.0,50.0,49.9
queen,white,hit,100,100,4,49.5,34.5,50.8,33.5,32.0,0.958,1.1,36.0,45.0,50.0,50.7
queen,white,dead,100,100,4,48.5,19.5,54.0,44.2,36.2,0.542,1.078,36.0,45.0,50.0,54.0
queen,black,idle,100,100,4,45.0,36.0,50.0,32.0,32.0,1.0,1.0,36.0,45.0,50.0,50.0
queen,black,move,100,100,8,34.8,34.5,49.0,31.8,33.8,0.958,0.772,36.0,45.0,50.0,49.0
queen,black,attack,100,100,4,52.5,34.8,50.6,33.2,32.0,0.965,1.167,36.0,45.0,50.0,50.6
queen,black,attack1,100,100,4,45.0,36.2,49.9,31.8,32.0,1.007,1.0,36.0,45.0,50.0,49.9
queen,black,hit,100,100,4,49.5,34.5,50.8,33.5,32.0,0.958,1.1,36.0,45.0,50.0,50.7
queen,black,dead,100,100,4,48.5,19.5,54.0,44.2,36.2,0.542,1.078,36.0,45.0,50.0,54.0
king,white,idle,100,100,4,28.0,35.0,45.5,28.0,37.0,1.0,1.0,35.0,28.0,45.5,45.5
king,white,move,100,100,8,30.1,33.6,45.1,28.2,38.1,0.961,1.076,35.0,28.0,45.5,45.1
king,white,attack,100,100,4,45.5,34.2,45.9,28.8,37.0,0.979,1.625,35.0,28.0,45.5,45.9
king,white,attack1,100,100,4,47.5,36.2,44.9,26.8,37.0,1.036,1.696,35.0,28.0,45.5,44.9
king,white,hit,100,100,4,30.5,34.8,45.6,28.2,37.0,0.993,1.089,35.0,28.0,45.5,45.6
king,white,dead,100,100,4,35.0,22.8,50.1,38.8,38.5,0.65,1.25,35.0,28.0,45.5,50.1
king,black,idle,100,100,4,28.0,35.0,45.5,28.0,37.0,1.0,1.0,35.0,28.0,45.5,45.5
king,black,move,100,100,8,30.1,33.6,45.1,28.2,38.1,0.961,1.076,35.0,28.0,45.5,45.1
king,black,attack,100,100,4,45.5,34.2,45.9,28.8,37.0,0.979,1.625,35.0,28.0,45.5,45.9
king,black,attack1,100,100,4,47.5,36.2,44.9,26.8,37.0,1.036,1.696,35.0,28.0,45.5,44.9
king,black,hit,100,100,4,30.5,34.8,45.6,28.2,37.0,0.993,1.089,35.0,28.0,45.5,45.6
king,black,dead,100,100,4,35.0,22.8,50.1,38.8,38.5,0.65,1.25,35.0,28.0,45.5,50.1
